classification,botId,label,asset,direction,question,side,firstEntryTime,lastExitTime,closedTrades,captureCount,lossCount,finalNetPnl,positiveCapturedPnl,negativePnl,peakExtraction,maxPeakTrade,maxCapture,maxLoss,partialProfitEvents,profitLockCount,stopLossCount,sourceFile,captureFrequency,retentionPositive,rankKind,rank
PAPER,btc-signal-continuous,BTC Micro Pump Catcher Paper,BTC,pump/up,"Bitcoin Up or Down - April 29, 11:00PM-11:05PM ET",Up,2026-04-30T03:04:55.091000+00:00,2026-04-30T06:43:23.496000+00:00,3,3,0,298.6666666666667,298.6666666666667,0.0,298.6666666666667,196.0,196.0,0.0,0,1,0,D:\rapidbaclupworking\frankfurt-session-2026-05-08\storage\bots\btc-signal-continuous\paper_trades.json,1.0,1.0,WINNER,1
PAPER,btc-signal-continuous,BTC Micro Pump Catcher Paper,BTC,pump/up,"Bitcoin Up or Down - April 30, 7:00AM-7:05AM ET",Up,2026-04-30T11:04:55.566000+00:00,2026-04-30T11:45:56.569000+00:00,2,2,0,190.66996170014778,190.66996170014778,0.0,190.66996170014778,98.0,98.0,0.0,0,0,0,D:\rapidbaclupworking\frankfurt-session-2026-05-08\storage\bots\btc-signal-continuous\paper_trades.json,1.0,1.0,WINNER,2
PAPER,btc-signal-continuous,BTC Micro Pump Catcher Paper,BTC,pump/up,"Bitcoin Up or Down - April 30, 7:30AM-7:35AM ET",Up,2026-04-30T11:30:31.983000+00:00,2026-04-30T11:45:56.570000+00:00,12,4,8,185.95897435897436,197.6952380952381,-11.736263736263735,200.15238095238095,196.0,196.0,-2.0,2,5,3,D:\rapidbaclupworking\frankfurt-session-2026-05-08\storage\bots\btc-signal-continuous\paper_trades.json,0.3333333333333333,0.9877236391320898,WINNER,3
PAPER,btc-signal-continuous,BTC Micro Pump Catcher Paper,BTC,pump/up,"Bitcoin Up or Down - April 29, 8:45PM-8:50PM ET",Up,2026-04-30T00:49:57.204000+00:00,2026-04-30T06:43:23.495000+00:00,2,2,0,125.9517397364983,125.9517397364983,0.0,125.9517397364983,64.66666666666667,64.66666666666667,0.0,0,0,0,D:\rapidbaclupworking\frankfurt-session-2026-05-08\storage\bots\btc-signal-continuous\paper_trades.json,1.0,1.0,WINNER,4
PAPER,btc-signal-continuous,BTC Micro Pump Catcher Paper,BTC,pump/up,"Bitcoin Up or Down - May 2, 8:30PM-8:35PM ET",Up,2026-05-03T00:30:03.146000+00:00,2026-05-03T22:56:51.590000+00:00,7,5,2,97.25430597771023,98.25430597771023,-1.0,98.44158820767538,49.5,49.5,-0.5,0,1,4,D:\rapidbaclupworking\frankfurt-session-2026-05-08\storage\bots\btc-signal-continuous\paper_trades.json,0.7142857142857143,0.9980975293737637,WINNER,5
PAPER,btc-signal-continuous,BTC Micro Pump Catcher Paper,BTC,pump/up,"Bitcoin Up or Down - May 4, 11:50AM-11:55AM ET",Up,2026-05-04T15:49:43.159000+00:00,2026-05-04T17:51:58.200000+00:00,20,16,4,92.40991838152081,93.2005166721191,-0.7905982905982906,93.71120925324512,24.5,24.5,-0.34444444444444444,0,2,4,D:\rapidbaclupworking\frankfurt-session-2026-05-08\storage\bots\btc-signal-continuous\paper_trades.json,0.8,0.9945503575805331,WINNER,6
PAPER,btc-signal-continuous,BTC Micro Pump Catcher Paper,BTC,pump/up,"Bitcoin Up or Down - May 2, 8:40PM-8:45PM ET",Up,2026-05-03T00:41:52.745000+00:00,2026-05-03T22:56:51.590000+00:00,19,2,12,74.4,98.4,-24.0,142.8,140.0,98.0,-2.0,0,2,9,D:\rapidbaclupworking\frankfurt-session-2026-05-08\storage\bots\btc-signal-continuous\paper_trades.json,0.10526315789473684,0.6890756302521008,WINNER,7
PAPER,btc-signal-continuous,BTC Micro Pump Catcher Paper,BTC,pump/up,"Bitcoin Up or Down - April 29, 9:50PM-9:55PM ET",Up,2026-04-30T01:50:02.556000+00:00,2026-04-30T06:43:23.496000+00:00,7,5,2,59.95405319611334,60.58366674366002,-0.6296135475466782,60.87806535416806,25.57562716419187,25.57562716419187,-0.42553191489361697,0,1,2,D:\rapidbaclupworking\frankfurt-session-2026-05-08\storage\bots\btc-signal-continuous\paper_trades.json,0.7142857142857143,0.9951641267048267,WINNER,8
PAPER,btc-signal-continuous,BTC Micro Pump Catcher Paper,BTC,pump/up,"Bitcoin Up or Down - May 3, 1:25PM-1:30PM ET",Up,2026-05-03T17:28:22.041000+00:00,2026-05-03T22:56:51.590000+00:00,5,2,1,56.66666666666667,58.66666666666667,-2.0,74.66666666666667,31.0,30.0,-2.0,2,3,0,D:\rapidbaclupworking\frankfurt-session-2026-05-08\storage\bots\btc-signal-continuous\paper_trades.json,0.4,0.7857142857142857,WINNER,9
PAPER,btc-signal-continuous,BTC Micro Pump Catcher Paper,BTC,pump/up,"Bitcoin Up or Down - April 30, 12:05AM-12:10AM ET",Up,2026-04-30T04:04:33.144000+00:00,2026-04-30T06:43:23.496000+00:00,13,4,8,37.49166666666667,50.9,-13.408333333333333,57.233333333333334,46.0,46.0,-2.0,4,5,3,D:\rapidbaclupworking\frankfurt-session-2026-05-08\storage\bots\btc-signal-continuous\paper_trades.json,0.3076923076923077,0.889341875364007,WINNER,10
PAPER,btc-signal-continuous,BTC Micro Pump Catcher Paper,BTC,pump/up,"Bitcoin Up or Down - April 30, 12:20AM-12:25AM ET",Up,2026-04-30T04:20:48.305000+00:00,2026-04-30T06:43:23.497000+00:00,32,7,25,-38.923099282431004,4.578455348020564,-43.501554630451565,10.603098988868922,2.1739130434782608,2.1739130434782608,-2.0196682700246815,4,10,2,D:\rapidbaclupworking\frankfurt-session-2026-05-08\storage\bots\btc-signal-continuous\paper_trades.json,0.21875,0.4318035088446314,LOSER,1
PAPER,btc-signal-continuous,BTC Micro Pump Catcher Paper,BTC,pump/up,"Bitcoin Up or Down - May 2, 8:50PM-8:55PM ET",Up,2026-05-03T00:51:06.503000+00:00,2026-05-03T22:56:51.590000+00:00,23,0,15,-30.0,0.0,-30.0,3.601111111111112,1.5000000000000004,0.0,-2.0,0,1,13,D:\rapidbaclupworking\frankfurt-session-2026-05-08\storage\bots\btc-signal-continuous\paper_trades.json,0.0,0.0,LOSER,2
PAPER,btc-signal-continuous,BTC Micro Pump Catcher Paper,BTC,pump/up,"Bitcoin Up or Down - April 29, 10:25PM-10:30PM ET",Up,2026-04-30T02:25:01.676000+00:00,2026-04-30T06:43:23.496000+00:00,23,2,18,-27.67747770434852,0.282828282828283,-27.9603059871768,260.8795008912656,144.0,0.22222222222222232,-2.0300538863364657,2,6,5,D:\rapidbaclupworking\frankfurt-session-2026-05-08\storage\bots\btc-signal-continuous\paper_trades.json,0.08695652173913043,0.0010841337930425038,LOSER,3
PAPER,btc-signal-continuous,BTC Micro Pump Catcher Paper,BTC,pump/up,"Bitcoin Up or Down - April 30, 8:25AM-8:30AM ET",Up,2026-04-30T12:25:04.983000+00:00,2026-04-30T13:02:30.123000+00:00,16,2,14,-23.040902579893984,0.371212121212121,-23.41211470110611,1.367403560376259,0.5454545454545454,0.25,-2.0,0,2,4,D:\rapidbaclupworking\frankfurt-session-2026-05-08\storage\bots\btc-signal-continuous\paper_trades.json,0.125,0.2714722500137246,LOSER,4
PAPER,btc-signal-continuous,BTC Micro Pump Catcher Paper,BTC,pump/up,"Bitcoin Up or Down - May 4, 5:05AM-5:10AM ET",Up,2026-05-04T09:07:09.735000+00:00,2026-05-04T11:16:02.306000+00:00,13,0,12,-22.210526315789473,0.0,-22.210526315789473,5.6,5.6,0.0,-2.0,0,1,1,D:\rapidbaclupworking\frankfurt-session-2026-05-08\storage\bots\btc-signal-continuous\paper_trades.json,0.0,0.0,LOSER,5
PAPER,btc-signal-continuous,BTC Micro Pump Catcher Paper,BTC,pump/up,"Bitcoin Up or Down - May 2, 8:45PM-8:50PM ET",Up,2026-05-03T00:45:06.215000+00:00,2026-05-03T22:56:51.590000+00:00,14,2,12,-22.038165266106443,0.08683473389355711,-22.125,2.159388450816817,1.2173913043478257,0.04761904761904745,-2.0,0,1,5,D:\rapidbaclupworking\frankfurt-session-2026-05-08\storage\bots\btc-signal-continuous\paper_trades.json,0.14285714285714285,0.04021265088303623,LOSER,6
PAPER,btc-signal-continuous,BTC Micro Pump Catcher Paper,BTC,pump/up,"Bitcoin Up or Down - April 30, 12:15AM-12:20AM ET",Up,2026-04-30T04:15:40.407000+00:00,2026-04-30T06:43:23.497000+00:00,16,2,14,-21.844448533922215,0.5909090909090913,-22.43535762483131,3.1732517482517486,1.5454545454545459,0.31818181818181834,-2.0,2,2,5,D:\rapidbaclupworking\frankfurt-session-2026-05-08\storage\bots\btc-signal-continuous\paper_trades.json,0.125,0.1862156355021763,LOSER,7
PAPER,btc-signal-continuous,BTC Micro Pump Catcher Paper,BTC,pump/up,"Bitcoin Up or Down - April 30, 12:10AM-12:15AM ET",Up,2026-04-30T04:12:06.991000+00:00,2026-04-30T06:43:23.497000+00:00,21,7,14,-20.300070678587304,4.9521032344561755,-25.252173913043478,10.665734592003226,2.9259259259259256,1.1851851851851847,-2.0,4,8,2,D:\rapidbaclupworking\frankfurt-session-2026-05-08\storage\bots\btc-signal-continuous\paper_trades.json,0.3333333333333333,0.4643002497145466,LOSER,8
PAPER,btc-signal-continuous,BTC Micro Pump Catcher Paper,BTC,pump/up,"Bitcoin Up or Down - May 3, 7:15PM-7:20PM ET",Up,2026-05-03T23:00:26.545000+00:00,2026-05-04T07:06:59.292000+00:00,12,0,11,-19.48,0.0,-19.48,2.08,2.0,0.0,-2.0,0,1,2,D:\rapidbaclupworking\frankfurt-session-2026-05-08\storage\bots\btc-signal-continuous\paper_trades.json,0.0,0.0,LOSER,9
PAPER,btc-signal-continuous,BTC Micro Pump Catcher Paper,BTC,pump/up,"Bitcoin Up or Down - April 29, 11:45PM-11:50PM ET",Up,2026-04-30T03:45:07.870000+00:00,2026-04-30T06:43:23.496000+00:00,17,3,14,-19.141708928303075,1.607662773956167,-20.749371702259243,2.1588279208659946,0.7857142857142856,0.7857142857142856,-2.0,0,4,3,D:\rapidbaclupworking\frankfurt-session-2026-05-08\storage\bots\btc-signal-continuous\paper_trades.json,0.17647058823529413,0.744692413145772,LOSER,10
PAPER,btc-signal-continuous-2,BTC Micro Dump Catcher Paper,BTC,dump/down,"Bitcoin Up or Down - May 4, 5:30AM-5:35AM ET",Down,2026-05-04T09:26:38.296000+00:00,2026-05-04T11:16:04.148000+00:00,16,3,12,272.82307771593486,292.83333333333337,-20.010255617398474,298.2428365285508,197.0,196.0,-2.0,4,4,3,D:\rapidbaclupworking\frankfurt-session-2026-05-08\storage\bots\btc-signal-continuous-2\paper_trades.json,0.1875,0.9818620850774413,WINNER,1
PAPER,btc-signal-continuous-2,BTC Micro Dump Catcher Paper,BTC,dump/down,"Bitcoin Up or Down - April 29, 11:00PM-11:05PM ET",Down,2026-04-30T02:57:28.675000+00:00,2026-04-30T06:43:23.709000+00:00,15,4,11,175.94772645900466,194.90010741138562,-18.95238095238095,199.55938097523443,192.0,192.0,-2.0,2,4,2,D:\rapidbaclupworking\frankfurt-session-2026-05-08\storage\bots\btc-signal-continuous-2\paper_trades.json,0.26666666666666666,0.9766521947448462,WINNER,2
PAPER,btc-signal-continuous-2,BTC Micro Dump Catcher Paper,BTC,dump/down,"Bitcoin Up or Down - April 30, 10:30AM-10:35AM ET",Down,2026-04-30T14:32:35.220000+00:00,2026-05-03T22:56:53.543000+00:00,12,10,1,162.0643521176832,163.39768545101654,-1.3333333333333333,170.4885945419256,98.0,98.0,-1.3333333333333333,2,4,1,D:\rapidbaclupworking\frankfurt-session-2026-05-08\storage\bots\btc-signal-continuous-2\paper_trades.json,0.8333333333333334,0.9584083081336839,WINNER,3
PAPER,btc-signal-continuous-2,BTC Micro Dump Catcher Paper,BTC,dump/down,"Bitcoin Up or Down - May 3, 4:15AM-4:20AM ET",Down,2026-05-03T08:17:55.419000+00:00,2026-05-03T22:56:53.543000+00:00,8,1,7,111.78571428571429,118.0,-6.214285714285714,118.0,118.0,118.0,-2.0,0,1,1,D:\rapidbaclupworking\frankfurt-session-2026-05-08\storage\bots\btc-signal-continuous-2\paper_trades.json,0.125,1.0,WINNER,4
PAPER,btc-signal-continuous-2,BTC Micro Dump Catcher Paper,BTC,dump/down,"Bitcoin Up or Down - May 3, 7:30PM-7:35PM ET",Down,2026-05-03T23:32:35.797000+00:00,2026-05-04T07:07:01.359000+00:00,13,12,1,85.79121881310661,86.0769330988209,-0.2857142857142858,87.93407595596376,20.22222222222222,20.22222222222222,-0.2857142857142858,2,2,1,D:\rapidbaclupworking\frankfurt-session-2026-05-08\storage\bots\btc-signal-continuous-2\paper_trades.json,0.9230769230769231,0.9788802823370443,WINNER,5
PAPER,btc-signal-continuous-2,BTC Micro Dump Catcher Paper,BTC,dump/down,"Bitcoin Up or Down - May 3, 3:05AM-3:10AM ET",Down,2026-05-03T07:06:00.706000+00:00,2026-05-03T22:56:53.543000+00:00,20,3,16,71.47058823529412,101.33333333333333,-29.862745098039216,194.0392156862745,89.0,86.33333333333333,-2.0,4,4,2,D:\rapidbaclupworking\frankfurt-session-2026-05-08\storage\bots\btc-signal-continuous-2\paper_trades.json,0.15,0.5222312045270816,WINNER,6
PAPER,btc-signal-continuous-2,BTC Micro Dump Catcher Paper,BTC,dump/down,"Bitcoin Up or Down - April 29, 9:00PM-9:05PM ET",Down,2026-04-30T01:00:31.753000+00:00,2026-04-30T06:43:23.708000+00:00,19,15,4,60.18514290744076,63.40879364094371,-3.22365073350295,66.87975342954142,23.0,23.0,-1.076923076923077,2,7,4,D:\rapidbaclupworking\frankfurt-session-2026-05-08\storage\bots\btc-signal-continuous-2\paper_trades.json,0.7894736842105263,0.9481014864647429,WINNER,7
PAPER,btc-signal-continuous-2,BTC Micro Dump Catcher Paper,BTC,dump/down,"Bitcoin Up or Down - May 4, 10:05AM-10:10AM ET",Down,2026-05-04T14:00:29.611000+00:00,2026-05-04T17:52:01.045000+00:00,21,15,2,53.073232005384895,53.57692284342224,-0.5036908380373426,60.446777783539424,8.888888888888888,8.888888888888888,-0.34042553191489366,2,4,2,D:\rapidbaclupworking\frankfurt-session-2026-05-08\storage\bots\btc-signal-continuous-2\paper_trades.json,0.7142857142857143,0.886348698937796,WINNER,8
PAPER,btc-signal-continuous-2,BTC Micro Dump Catcher Paper,BTC,dump/down,"Bitcoin Up or Down - May 3, 11:50AM-11:55AM ET",Down,2026-05-03T15:54:42.802000+00:00,2026-05-03T22:56:53.543000+00:00,5,5,0,44.27835051546393,44.27835051546393,0.0,44.27835051546393,28.5,28.5,0.0,0,0,0,D:\rapidbaclupworking\frankfurt-session-2026-05-08\storage\bots\btc-signal-continuous-2\paper_trades.json,1.0,1.0,WINNER,9
PAPER,btc-signal-continuous-2,BTC Micro Dump Catcher Paper,BTC,dump/down,"Bitcoin Up or Down - May 4, 1:35PM-1:40PM ET",Down,2026-05-04T17:37:27.524000+00:00,2026-05-04T17:52:01.045000+00:00,14,11,2,41.05340909090909,41.27146464646465,-0.2180555555555556,41.27146464646465,24.5,24.5,-0.16249999999999998,0,1,2,D:\rapidbaclupworking\frankfurt-session-2026-05-08\storage\bots\btc-signal-continuous-2\paper_trades.json,0.7857142857142857,1.0,WINNER,10
PAPER,btc-signal-continuous-2,BTC Micro Dump Catcher Paper,BTC,dump/down,"Bitcoin Up or Down - May 3, 4:40AM-4:45AM ET",Down,2026-05-03T08:35:42.902000+00:00,2026-05-03T22:56:53.543000+00:00,17,0,17,-32.91050865553268,0.0,-32.91050865553268,1.4838709677419355,1.4838709677419355,0.0,-2.0,0,0,4,D:\rapidbaclupworking\frankfurt-session-2026-05-08\storage\bots\btc-signal-continuous-2\paper_trades.json,0.0,0.0,LOSER,1
PAPER,btc-signal-continuous-2,BTC Micro Dump Catcher Paper,BTC,dump/down,"Bitcoin Up or Down - May 3, 11:25AM-11:30AM ET",Down,2026-05-03T15:18:33.733000+00:00,2026-05-03T22:56:53.543000+00:00,22,2,19,-28.171596638655462,3.714285714285713,-31.885882352941177,9.174201680672269,3.999999999999999,2.999999999999999,-2.0,2,2,4,D:\rapidbaclupworking\frankfurt-session-2026-05-08\storage\bots\btc-signal-continuous-2\paper_trades.json,0.09090909090909091,0.4048620080056423,LOSER,2
PAPER,btc-signal-continuous-2,BTC Micro Dump Catcher Paper,BTC,dump/down,"Bitcoin Up or Down - May 3, 3:20AM-3:25AM ET",Down,2026-05-03T07:17:06.784000+00:00,2026-05-03T22:56:53.543000+00:00,17,1,15,-26.891928864569085,0.6274509803921569,-27.51937984496124,3.937984496124031,1.6274509803921569,0.6274509803921569,-2.0,2,2,2,D:\rapidbaclupworking\frankfurt-session-2026-05-08\storage\bots\btc-signal-continuous-2\paper_trades.json,0.058823529411764705,0.15933302454840204,LOSER,3
PAPER,btc-signal-continuous-2,BTC Micro Dump Catcher Paper,BTC,dump/down,"Bitcoin Up or Down - April 30, 10:40AM-10:45AM ET",Down,2026-04-30T14:27:34.752000+00:00,2026-05-03T22:56:53.543000+00:00,22,4,17,-26.16274598501309,3.0598639455782317,-29.22260993059132,15.69217378421423,7.0,2.0,-2.0374121034642885,6,6,3,D:\rapidbaclupworking\frankfurt-session-2026-05-08\storage\bots\btc-signal-continuous-2\paper_trades.json,0.18181818181818182,0.19499299381047808,LOSER,4
PAPER,btc-signal-continuous-2,BTC Micro Dump Catcher Paper,BTC,dump/down,"Bitcoin Up or Down - May 4, 9:55AM-10:00AM ET",Down,2026-05-04T13:35:09.003000+00:00,2026-05-04T17:52:01.045000+00:00,22,0,18,-26.096650524616628,0.0,-26.096650524616628,0.409931972789116,0.16666666666666696,0.0,-2.0,0,0,6,D:\rapidbaclupworking\frankfurt-session-2026-05-08\storage\bots\btc-signal-continuous-2\paper_trades.json,0.0,0.0,LOSER,5
PAPER,btc-signal-continuous-2,BTC Micro Dump Catcher Paper,BTC,dump/down,"Bitcoin Up or Down - April 30, 7:25AM-7:30AM ET",Down,2026-04-30T11:25:11.107000+00:00,2026-04-30T11:45:56.901000+00:00,19,3,16,-25.456727824662615,0.8186264822134381,-26.27535430687605,6.335642948170124,1.415217391304348,0.36521739130434794,-2.1,4,5,3,D:\rapidbaclupworking\frankfurt-session-2026-05-08\storage\bots\btc-signal-continuous-2\paper_trades.json,0.15789473684210525,0.12920969330348325,LOSER,6
PAPER,btc-signal-continuous-2,BTC Micro Dump Catcher Paper,BTC,dump/down,"Bitcoin Up or Down - May 3, 11:40AM-11:45AM ET",Down,2026-05-03T15:37:15.032000+00:00,2026-05-03T22:56:53.543000+00:00,16,0,15,-23.778200339558573,0.0,-23.778200339558573,3.2918166383701193,1.92,0.0,-2.0,0,2,4,D:\rapidbaclupworking\frankfurt-session-2026-05-08\storage\bots\btc-signal-continuous-2\paper_trades.json,0.0,0.0,LOSER,7
PAPER,btc-signal-continuous-2,BTC Micro Dump Catcher Paper,BTC,dump/down,"Bitcoin Up or Down - May 3, 8:25PM-8:30PM ET",Down,2026-05-04T00:28:20.632000+00:00,2026-05-04T07:07:01.359000+00:00,11,0,11,-21.95959595959596,0.0,-21.95959595959596,0.0,0.0,0.0,-2.0,0,0,1,D:\rapidbaclupworking\frankfurt-session-2026-05-08\storage\bots\btc-signal-continuous-2\paper_trades.json,0.0,,LOSER,8
PAPER,btc-signal-continuous-2,BTC Micro Dump Catcher Paper,BTC,dump/down,"Bitcoin Up or Down - May 4, 5:25AM-5:30AM ET",Down,2026-05-04T09:25:50.829000+00:00,2026-05-04T11:16:04.148000+00:00,22,3,13,-20.26078431372549,3.905882352941177,-24.166666666666664,13.83529411764706,4.76470588235294,2.4705882352941178,-2.0,2,4,1,D:\rapidbaclupworking\frankfurt-session-2026-05-08\storage\bots\btc-signal-continuous-2\paper_trades.json,0.13636363636363635,0.28231292517006806,LOSER,9
PAPER,btc-signal-continuous-2,BTC Micro Dump Catcher Paper,BTC,dump/down,"Bitcoin Up or Down - May 4, 8:10AM-8:15AM ET",Down,2026-05-04T12:11:30.312000+00:00,2026-05-04T17:52:01.045000+00:00,12,1,11,-20.03846153846154,1.0,-21.03846153846154,1.0,1.0,1.0,-2.0,0,1,1,D:\rapidbaclupworking\frankfurt-session-2026-05-08\storage\bots\btc-signal-continuous-2\paper_trades.json,0.08333333333333333,1.0,LOSER,10
PAPER,eth-signal-continuous,ETH Micro Pump Catcher Paper,ETH,pump/up,"Ethereum Up or Down - April 29, 8:15PM-8:20PM ET",Up,2026-04-30T00:19:50.727000+00:00,2026-04-30T06:43:23.919000+00:00,5,5,0,379.2779009566228,379.2779009566228,0.0,379.2779009566228,190.96800138703884,190.96800138703884,0.0,0,2,0,D:\rapidbaclupworking\frankfurt-session-2026-05-08\storage\bots\eth-signal-continuous\paper_trades.json,1.0,1.0,WINNER,1
PAPER,eth-signal-continuous,ETH Micro Pump Catcher Paper,ETH,pump/up,"Ethereum Up or Down - April 30, 10:15AM-10:20AM ET",Up,2026-04-30T14:15:14.573000+00:00,2026-05-03T22:56:56.080000+00:00,11,2,9,276.19032634032635,279.6,-3.4096736596736594,281.6653846153846,279.5,279.5,-0.5,0,3,2,D:\rapidbaclupworking\frankfurt-session-2026-05-08\storage\bots\eth-signal-continuous\paper_trades.json,0.18181818181818182,0.9926672401786082,WINNER,2
PAPER,eth-signal-continuous,ETH Micro Pump Catcher Paper,ETH,pump/up,"Ethereum Up or Down - April 29, 11:50PM-11:55PM ET",Up,2026-04-30T03:50:16.404000+00:00,2026-04-30T06:43:23.921000+00:00,9,6,2,197.67500597382474,198.73482300408511,-1.05981703026038,201.60919316594297,189.6423349450317,189.6423349450317,-0.896551724137931,2,3,1,D:\rapidbaclupworking\frankfurt-session-2026-05-08\storage\bots\eth-signal-continuous\paper_trades.json,0.6666666666666666,0.9857428616387945,WINNER,3
PAPER,eth-signal-continuous,ETH Micro Pump Catcher Paper,ETH,pump/up,"Ethereum Up or Down - April 29, 10:40PM-10:45PM ET",Up,2026-04-30T02:44:55.949000+00:00,2026-04-30T02:45:07.795000+00:00,2,2,0,191.05436334725655,191.05436334725655,0.0,191.05436334725655,97.0,97.0,0.0,0,1,0,D:\rapidbaclupworking\frankfurt-session-2026-05-08\storage\bots\eth-signal-continuous\paper_trades.json,1.0,1.0,WINNER,4
PAPER,eth-signal-continuous,ETH Micro Pump Catcher Paper,ETH,pump/up,"Ethereum Up or Down - April 30, 7:05AM-7:10AM ET",Up,2026-04-30T11:03:39.032000+00:00,2026-04-30T11:45:57.216000+00:00,10,6,4,190.85764738997878,191.6318640463383,-0.7742166563595135,200.35982219929645,183.61281440520526,183.61281440520526,-0.4888888888888889,4,5,2,D:\rapidbaclupworking\frankfurt-session-2026-05-08\storage\bots\eth-signal-continuous\paper_trades.json,0.6,0.9564385810630411,WINNER,5
PAPER,eth-signal-continuous,ETH Micro Pump Catcher Paper,ETH,pump/up,"Ethereum Up or Down - April 29, 8:35PM-8:40PM ET",Up,2026-04-30T00:31:22.962000+00:00,2026-04-30T06:43:23.920000+00:00,15,12,2,163.9859368496503,165.00506950271154,-1.0191326530612246,177.68334516080085,97.0,97.0,-0.9375,6,7,1,D:\rapidbaclupworking\frankfurt-session-2026-05-08\storage\bots\eth-signal-continuous\paper_trades.json,0.8,0.9286467977816623,WINNER,6
PAPER,eth-signal-continuous,ETH Micro Pump Catcher Paper,ETH,pump/up,"Ethereum Up or Down - April 30, 12:10AM-12:15AM ET",Up,2026-04-30T04:10:30.632000+00:00,2026-04-30T06:43:23.922000+00:00,28,21,5,161.14860541853022,163.6163281163281,-2.4677226977978854,169.60352685336073,14.666666666666668,14.666666666666668,-1.1851851851851851,4,7,4,D:\rapidbaclupworking\frankfurt-session-2026-05-08\storage\bots\eth-signal-continuous\paper_trades.json,0.75,0.9646988547460504,WINNER,7
PAPER,eth-signal-continuous,ETH Micro Pump Catcher Paper,ETH,pump/up,"Ethereum Up or Down - April 29, 9:45PM-9:50PM ET",Up,2026-04-30T01:45:04.195000+00:00,2026-04-30T06:43:23.920000+00:00,12,9,2,107.81216693927723,108.02318844465357,-0.21102150537634412,110.43863321493706,91.91786693689303,91.91786693689303,-0.12499999999999989,2,2,2,D:\rapidbaclupworking\frankfurt-session-2026-05-08\storage\bots\eth-signal-continuous\paper_trades.json,0.75,0.978128624920751,WINNER,8
PAPER,eth-signal-continuous,ETH Micro Pump Catcher Paper,ETH,pump/up,"Ethereum Up or Down - May 3, 10:10AM-10:15AM ET",Up,2026-05-03T14:10:34.565000+00:00,2026-05-03T22:56:56.080000+00:00,6,5,1,101.05999796789271,101.16714082503556,-0.10714285714285711,101.16714082503556,49.5,49.5,-0.10714285714285711,0,0,1,D:\rapidbaclupworking\frankfurt-session-2026-05-08\storage\bots\eth-signal-continuous\paper_trades.json,0.8333333333333334,1.0,WINNER,9
PAPER,eth-signal-continuous,ETH Micro Pump Catcher Paper,ETH,pump/up,"Ethereum Up or Down - April 29, 10:10PM-10:15PM ET",Up,2026-04-30T02:09:41.863000+00:00,2026-04-30T06:43:23.920000+00:00,17,6,10,87.72775510204082,103.94,-16.21224489795918,114.22081632653061,97.0,97.0,-2.0,6,7,3,D:\rapidbaclupworking\frankfurt-session-2026-05-08\storage\bots\eth-signal-continuous\paper_trades.json,0.35294117647058826,0.9099917453125167,WINNER,10
PAPER,eth-signal-continuous,ETH Micro Pump Catcher Paper,ETH,pump/up,"Ethereum Up or Down - May 3, 4:10AM-4:15AM ET",Up,2026-05-03T08:05:12.758000+00:00,2026-05-03T22:56:56.080000+00:00,19,0,18,-32.849275362318835,0.0,-32.849275362318835,5.5974859509021,2.3478260869565215,0.0,-2.0,0,1,3,D:\rapidbaclupworking\frankfurt-session-2026-05-08\storage\bots\eth-signal-continuous\paper_trades.json,0.0,0.0,LOSER,1
PAPER,eth-signal-continuous,ETH Micro Pump Catcher Paper,ETH,pump/up,"Ethereum Up or Down - April 30, 9:45AM-9:50AM ET",Up,2026-04-30T13:45:12.049000+00:00,2026-04-30T14:03:19.201000+00:00,21,3,17,-31.969740751342748,1.1045751633986929,-33.07431591474144,4.034313725490195,1.7647058823529407,0.5294117647058822,-2.034460842277676,2,4,3,D:\rapidbaclupworking\frankfurt-session-2026-05-08\storage\bots\eth-signal-continuous\paper_trades.json,0.14285714285714285,0.2737950587282301,LOSER,2
PAPER,eth-signal-continuous,ETH Micro Pump Catcher Paper,ETH,pump/up,"Ethereum Up or Down - May 3, 7:25PM-7:30PM ET",Up,2026-05-03T23:16:10.874000+00:00,2026-05-04T07:07:04.066000+00:00,24,1,19,-30.974545699467903,1.5999999999999996,-32.574545699467905,6.960000000000001,4.4,1.5999999999999996,-2.0,2,2,4,D:\rapidbaclupworking\frankfurt-session-2026-05-08\storage\bots\eth-signal-continuous\paper_trades.json,0.041666666666666664,0.22988505747126428,LOSER,3
PAPER,eth-signal-continuous,ETH Micro Pump Catcher Paper,ETH,pump/up,"Ethereum Up or Down - May 3, 11:45AM-11:50AM ET",Up,2026-05-03T15:47:44.853000+00:00,2026-05-03T22:56:56.080000+00:00,15,0,15,-28.191176470588236,0.0,-28.191176470588236,0.5833333333333344,0.3333333333333339,0.0,-2.0,0,0,2,D:\rapidbaclupworking\frankfurt-session-2026-05-08\storage\bots\eth-signal-continuous\paper_trades.json,0.0,0.0,LOSER,4
PAPER,eth-signal-continuous,ETH Micro Pump Catcher Paper,ETH,pump/up,"Ethereum Up or Down - May 3, 10:45AM-10:50AM ET",Up,2026-05-03T14:27:26.979000+00:00,2026-05-03T22:56:56.080000+00:00,18,2,15,-26.543762376237623,0.08000000000000007,-26.623762376237625,9.003863406748838,2.92,0.040000000000000036,-2.0,4,5,1,D:\rapidbaclupworking\frankfurt-session-2026-05-08\storage\bots\eth-signal-continuous\paper_trades.json,0.1111111111111111,0.008885074815776986,LOSER,5
PAPER,eth-signal-continuous,ETH Micro Pump Catcher Paper,ETH,pump/up,"Ethereum Up or Down - May 4, 5:05AM-5:10AM ET",Up,2026-05-04T09:06:35.142000+00:00,2026-05-04T11:16:06.434000+00:00,16,1,14,-22.497433076641,3.0,-25.497433076641,6.284511784511785,4.0,3.0,-2.0,2,2,2,D:\rapidbaclupworking\frankfurt-session-2026-05-08\storage\bots\eth-signal-continuous\paper_trades.json,0.0625,0.4773640503616394,LOSER,6
PAPER,eth-signal-continuous,ETH Micro Pump Catcher Paper,ETH,pump/up,"Ethereum Up or Down - May 4, 7:25AM-7:30AM ET",Up,2026-05-04T11:24:24.786000+00:00,2026-05-04T17:52:03.677000+00:00,13,0,13,-20.957847285535063,0.0,-20.957847285535063,1.8371126228269081,1.0,0.0,-2.0,0,1,5,D:\rapidbaclupworking\frankfurt-session-2026-05-08\storage\bots\eth-signal-continuous\paper_trades.json,0.0,0.0,LOSER,7
PAPER,eth-signal-continuous,ETH Micro Pump Catcher Paper,ETH,pump/up,"Ethereum Up or Down - April 30, 7:30AM-7:35AM ET",Up,2026-04-30T11:30:01.481000+00:00,2026-04-30T11:45:57.217000+00:00,16,2,14,-20.81339121014259,0.9166666666666674,-21.730057876809262,2.135520875016674,1.333333333333334,0.666666666666667,-2.0,0,2,4,D:\rapidbaclupworking\frankfurt-session-2026-05-08\storage\bots\eth-signal-continuous\paper_trades.json,0.125,0.4292473454091195,LOSER,8
PAPER,eth-signal-continuous,ETH Micro Pump Catcher Paper,ETH,pump/up,"Ethereum Up or Down - May 4, 3:00PM-3:05PM ET",Up,2026-05-04T18:46:05.005000+00:00,2026-05-04T19:51:56.989000+00:00,20,2,15,-20.68934700612919,2.608465608465608,-23.297812614594793,11.485079365079363,2.666666666666666,2.571428571428571,-2.0,4,4,4,D:\rapidbaclupworking\frankfurt-session-2026-05-08\storage\bots\eth-signal-continuous\paper_trades.json,0.1,0.2271177695468701,LOSER,9
PAPER,eth-signal-continuous,ETH Micro Pump Catcher Paper,ETH,pump/up,"Ethereum Up or Down - May 4, 2:45PM-2:50PM ET",Up,2026-05-04T18:48:25.076000+00:00,2026-05-04T19:51:56.989000+00:00,11,0,11,-20.666666666666664,0.0,-20.666666666666664,0.20000000000000018,0.20000000000000018,0.0,-2.0,0,0,1,D:\rapidbaclupworking\frankfurt-session-2026-05-08\storage\bots\eth-signal-continuous\paper_trades.json,0.0,0.0,LOSER,10
PAPER,eth-signal-continuous-2,ETH Micro Dump Catcher Paper,ETH,dump/down,"Ethereum Up or Down - April 30, 12:15AM-12:20AM ET",Down,2026-04-30T04:19:53.910000+00:00,2026-04-30T06:43:24.167000+00:00,5,5,0,444.08355202250505,444.08355202250505,0.0,444.08355202250505,185.41688535583833,185.41688535583833,0.0,0,0,0,D:\rapidbaclupworking\frankfurt-session-2026-05-08\storage\bots\eth-signal-continuous-2\paper_trades.json,1.0,1.0,WINNER,1
PAPER,eth-signal-continuous-2,ETH Micro Dump Catcher Paper,ETH,dump/down,"Ethereum Up or Down - April 30, 12:05AM-12:10AM ET",Down,2026-04-30T04:04:25.875000+00:00,2026-04-30T06:43:24.167000+00:00,8,7,1,397.89499271577665,398.01744169536846,-0.12244897959183665,404.05825802189906,198.0,198.0,-0.12244897959183665,4,5,0,D:\rapidbaclupworking\frankfurt-session-2026-05-08\storage\bots\eth-signal-continuous-2\paper_trades.json,0.875,0.9850496402273674,WINNER,2
PAPER,eth-signal-continuous-2,ETH Micro Dump Catcher Paper,ETH,dump/down,"Ethereum Up or Down - April 29, 8:10PM-8:15PM ET",Down,2026-04-30T00:08:51.465000+00:00,2026-04-30T06:43:24.165000+00:00,22,20,2,221.01214574534174,222.44470588279876,-1.4325601374570445,227.55885133743845,182.07478705087266,182.07478705087266,-0.9583333333333334,4,6,2,D:\rapidbaclupworking\frankfurt-session-2026-05-08\storage\bots\eth-signal-continuous-2\paper_trades.json,0.9090909090909091,0.9775260534820677,WINNER,3
PAPER,eth-signal-continuous-2,ETH Micro Dump Catcher Paper,ETH,dump/down,"Ethereum Up or Down - April 29, 10:45PM-10:50PM ET",Down,2026-04-30T02:40:45.166000+00:00,2026-04-30T06:43:24.166000+00:00,10,8,2,202.27177781280898,203.1134723501557,-0.8416945373467117,203.25951471358934,98.0,98.0,-0.7391304347826089,0,0,2,D:\rapidbaclupworking\frankfurt-session-2026-05-08\storage\bots\eth-signal-continuous-2\paper_trades.json,0.8,0.9992814980216821,WINNER,4
PAPER,eth-signal-continuous-2,ETH Micro Dump Catcher Paper,ETH,dump/down,"Ethereum Up or Down - April 29, 11:45PM-11:50PM ET",Down,2026-04-30T03:48:47.945000+00:00,2026-04-30T06:43:24.166000+00:00,11,11,0,154.5876484956853,154.5876484956853,0.0,156.92911191031942,64.66666666666667,64.66666666666667,0.0,2,4,0,D:\rapidbaclupworking\frankfurt-session-2026-05-08\storage\bots\eth-signal-continuous-2\paper_trades.json,1.0,0.9850794834296125,WINNER,5
PAPER,eth-signal-continuous-2,ETH Micro Dump Catcher Paper,ETH,dump/down,"Ethereum Up or Down - May 3, 10:50AM-10:55AM ET",Down,2026-05-03T14:51:43.142000+00:00,2026-05-03T22:57:02.790000+00:00,9,2,7,133.55,137.05,-3.5,138.95,137.0,137.0,-0.5,0,2,0,D:\rapidbaclupworking\frankfurt-session-2026-05-08\storage\bots\eth-signal-continuous-2\paper_trades.json,0.2222222222222222,0.986326016552717,WINNER,6
PAPER,eth-signal-continuous-2,ETH Micro Dump Catcher Paper,ETH,dump/down,"Ethereum Up or Down - May 4, 8:35AM-8:40AM ET",Down,2026-05-04T12:34:12.401000+00:00,2026-05-04T17:52:06.783000+00:00,20,6,14,124.63753389467675,147.66091051805338,-23.023376623376624,162.6385557299843,139.0,138.0,-2.0,8,8,2,D:\rapidbaclupworking\frankfurt-session-2026-05-08\storage\bots\eth-signal-continuous-2\paper_trades.json,0.3,0.9079083975831839,WINNER,7
PAPER,eth-signal-continuous-2,ETH Micro Dump Catcher Paper,ETH,dump/down,"Ethereum Up or Down - April 29, 11:55PM-12:00AM ET",Down,2026-04-30T03:59:55.006000+00:00,2026-04-30T06:43:24.166000+00:00,2,2,0,114.18181818181819,114.18181818181819,0.0,114.18181818181819,98.0,98.0,0.0,0,0,0,D:\rapidbaclupworking\frankfurt-session-2026-05-08\storage\bots\eth-signal-continuous-2\paper_trades.json,1.0,1.0,WINNER,8
PAPER,eth-signal-continuous-2,ETH Micro Dump Catcher Paper,ETH,dump/down,"Ethereum Up or Down - April 29, 9:10PM-9:15PM ET",Down,2026-04-30T01:14:56.907000+00:00,2026-04-30T01:15:04.761000+00:00,1,1,0,93.00275292942086,93.00275292942086,0.0,93.00275292942086,93.00275292942086,93.00275292942086,0.0,0,0,0,D:\rapidbaclupworking\frankfurt-session-2026-05-08\storage\bots\eth-signal-continuous-2\paper_trades.json,1.0,1.0,WINNER,9
PAPER,eth-signal-continuous-2,ETH Micro Dump Catcher Paper,ETH,dump/down,"Ethereum Up or Down - April 30, 7:35AM-7:40AM ET",Down,2026-04-30T11:38:30.196000+00:00,2026-04-30T11:45:57.542000+00:00,7,6,1,76.67952451072655,77.38540686366774,-0.7058823529411766,80.20893627543244,20.22222222222222,20.22222222222222,-0.7058823529411766,2,3,1,D:\rapidbaclupworking\frankfurt-session-2026-05-08\storage\bots\eth-signal-continuous-2\paper_trades.json,0.8571428571428571,0.9647978200076252,WINNER,10
PAPER,eth-signal-continuous-2,ETH Micro Dump Catcher Paper,ETH,dump/down,"Ethereum Up or Down - May 4, 4:50AM-4:55AM ET",Down,2026-05-04T08:46:15.367000+00:00,2026-05-04T11:16:08.874000+00:00,28,1,25,-47.112281869269445,0.6938775510204085,-47.80615942028985,7.729596900683859,1.7346938775510208,0.6938775510204085,-2.0,2,4,3,D:\rapidbaclupworking\frankfurt-session-2026-05-08\storage\bots\eth-signal-continuous-2\paper_trades.json,0.03571428571428571,0.08976891808666235,LOSER,1
PAPER,eth-signal-continuous-2,ETH Micro Dump Catcher Paper,ETH,dump/down,"Ethereum Up or Down - May 4, 9:10AM-9:15AM ET",Down,2026-05-04T13:10:27.213000+00:00,2026-05-04T17:52:06.783000+00:00,18,0,16,-28.96653144016227,0.0,-28.96653144016227,3.4353225863848262,2.0,0.0,-2.0,0,1,3,D:\rapidbaclupworking\frankfurt-session-2026-05-08\storage\bots\eth-signal-continuous-2\paper_trades.json,0.0,0.0,LOSER,2
PAPER,eth-signal-continuous-2,ETH Micro Dump Catcher Paper,ETH,dump/down,"Ethereum Up or Down - May 3, 4:40AM-4:45AM ET",Down,2026-05-03T08:35:45.141000+00:00,2026-05-03T22:57:02.790000+00:00,15,0,15,-26.59425460276524,0.0,-26.59425460276524,1.5511444229529343,1.2000000000000002,0.0,-2.0,0,0,4,D:\rapidbaclupworking\frankfurt-session-2026-05-08\storage\bots\eth-signal-continuous-2\paper_trades.json,0.0,0.0,LOSER,3
PAPER,eth-signal-continuous-2,ETH Micro Dump Catcher Paper,ETH,dump/down,"Ethereum Up or Down - May 4, 2:00PM-2:05PM ET",Down,2026-05-04T18:00:49.407000+00:00,2026-05-04T19:52:02.054000+00:00,15,0,15,-24.147435258688454,0.0,-24.147435258688454,0.40905394415830854,0.2857142857142856,0.0,-2.0,0,0,4,D:\rapidbaclupworking\frankfurt-session-2026-05-08\storage\bots\eth-signal-continuous-2\paper_trades.json,0.0,0.0,LOSER,4
PAPER,eth-signal-continuous-2,ETH Micro Dump Catcher Paper,ETH,dump/down,"Ethereum Up or Down - April 30, 10:45AM-10:50AM ET",Down,2026-04-30T14:45:38.931000+00:00,2026-05-03T22:57:02.790000+00:00,16,2,14,-22.020742986429184,4.5,-26.520742986429184,8.02,4.0,2.5,-2.0365324601133934,2,2,2,D:\rapidbaclupworking\frankfurt-session-2026-05-08\storage\bots\eth-signal-continuous-2\paper_trades.json,0.125,0.5610972568578554,LOSER,5
PAPER,eth-signal-continuous-2,ETH Micro Dump Catcher Paper,ETH,dump/down,"Ethereum Up or Down - May 4, 9:45AM-9:50AM ET",Down,2026-05-04T13:46:47.171000+00:00,2026-05-04T17:52:06.783000+00:00,19,0,15,-19.61616635397123,0.0,-19.61616635397123,0.6858974358974362,0.666666666666667,0.0,-2.0,0,0,3,D:\rapidbaclupworking\frankfurt-session-2026-05-08\storage\bots\eth-signal-continuous-2\paper_trades.json,0.0,0.0,LOSER,6
PAPER,eth-signal-continuous-2,ETH Micro Dump Catcher Paper,ETH,dump/down,"Ethereum Up or Down - May 3, 8:25PM-8:30PM ET",Down,2026-05-04T00:20:39.120000+00:00,2026-05-04T07:07:07.083000+00:00,11,0,11,-19.375886524822697,0.0,-19.375886524822697,1.872340425531915,1.8297872340425534,0.0,-2.0,0,1,1,D:\rapidbaclupworking\frankfurt-session-2026-05-08\storage\bots\eth-signal-continuous-2\paper_trades.json,0.0,0.0,LOSER,7
PAPER,eth-signal-continuous-2,ETH Micro Dump Catcher Paper,ETH,dump/down,"Ethereum Up or Down - April 29, 8:05PM-8:10PM ET",Down,2026-04-30T00:05:05.987000+00:00,2026-04-30T06:43:24.165000+00:00,15,3,12,-19.063095346282218,2.2109158186864013,-21.27401116496862,4.927825709377182,2.1739130434782608,1.1739130434782608,-2.0205097644083954,2,4,1,D:\rapidbaclupworking\frankfurt-session-2026-05-08\storage\bots\eth-signal-continuous-2\paper_trades.json,0.2,0.4486594999655202,LOSER,8
PAPER,eth-signal-continuous-2,ETH Micro Dump Catcher Paper,ETH,dump/down,"Ethereum Up or Down - May 4, 4:40AM-4:45AM ET",Down,2026-05-04T08:27:09.974000+00:00,2026-05-04T11:16:08.874000+00:00,11,0,11,-18.79265619291195,0.0,-18.79265619291195,4.819327731092436,2.4117647058823524,0.0,-2.0,0,2,3,D:\rapidbaclupworking\frankfurt-session-2026-05-08\storage\bots\eth-signal-continuous-2\paper_trades.json,0.0,0.0,LOSER,9
PAPER,eth-signal-continuous-2,ETH Micro Dump Catcher Paper,ETH,dump/down,"Ethereum Up or Down - May 3, 3:30AM-3:35AM ET",Down,2026-05-03T07:30:54.870000+00:00,2026-05-03T22:57:02.790000+00:00,15,0,15,-18.598484848484848,0.0,-18.598484848484848,0.6090909090909089,0.5,0.0,-2.0,0,0,4,D:\rapidbaclupworking\frankfurt-session-2026-05-08\storage\bots\eth-signal-continuous-2\paper_trades.json,0.0,0.0,LOSER,10
PAPER,sol-signal-continuous,SOL Micro Pump Catcher Paper,SOL,pump/up,"Solana Up or Down - April 26, 4:30AM-4:35AM ET",Up,2026-04-26T08:30:33.085000+00:00,2026-04-26T08:34:40.118000+00:00,2,2,0,5.9,5.9,0.0,7.9,3.95,2.95,0.0,2,2,0,D:\rapidbaclupworking\frankfurt-session-2026-05-08\storage\bots\sol-signal-continuous\paper_trades.json,1.0,0.7468354430379747,WINNER,1
PAPER,sol-signal-continuous,SOL Micro Pump Catcher Paper,SOL,pump/up,"Solana Up or Down - May 2, 5:25PM-5:30PM ET",Up,2026-05-02T21:22:41.370000+00:00,2026-05-03T22:57:04.749000+00:00,3,3,0,4.6117647058823525,4.6117647058823525,0.0,4.6117647058823525,1.5372549019607842,1.5372549019607842,0.0,0,0,0,D:\rapidbaclupworking\frankfurt-session-2026-05-08\storage\bots\sol-signal-continuous\paper_trades.json,1.0,1.0,WINNER,2
PAPER,sol-signal-continuous,SOL Micro Pump Catcher Paper,SOL,pump/up,"Solana Up or Down - May 2, 6:50PM-6:55PM ET",Up,2026-05-02T22:51:24.109000+00:00,2026-05-03T22:57:04.749000+00:00,6,5,1,4.609019607843136,6.209019607843136,-1.6,7.247058823529411,1.5372549019607842,1.5372549019607842,-1.6,0,1,1,D:\rapidbaclupworking\frankfurt-session-2026-05-08\storage\bots\sol-signal-continuous\paper_trades.json,0.8333333333333334,0.8567640692640692,WINNER,3
PAPER,sol-signal-continuous,SOL Micro Pump Catcher Paper,SOL,pump/up,"Solana Up or Down - April 25, 10:50PM-10:55PM ET",Up,2026-04-26T02:50:00.866000+00:00,2026-04-26T02:54:40.020000+00:00,2,2,0,4.608695652173912,4.608695652173912,0.0,6.608695652173912,3.304347826086956,2.304347826086956,0.0,2,2,0,D:\rapidbaclupworking\frankfurt-session-2026-05-08\storage\bots\sol-signal-continuous\paper_trades.json,1.0,0.6973684210526315,WINNER,4
PAPER,sol-signal-continuous,SOL Micro Pump Catcher Paper,SOL,pump/up,"Solana Up or Down - May 7, 8:05AM-8:10AM ET",Up,2026-05-07T12:05:46.269000+00:00,2026-05-07T12:43:40.074000+00:00,22,2,3,4.398313570487483,5.413333333333333,-1.0150197628458497,8.826740292955126,4.239999999999999,4.239999999999999,-0.8695652173913044,0,2,3,D:\rapidbaclupworking\frankfurt-session-2026-05-08\storage\bots\sol-signal-continuous\paper_trades.json,0.09090909090909091,0.6132879357121076,WINNER,5
PAPER,sol-signal-continuous,SOL Micro Pump Catcher Paper,SOL,pump/up,"Solana Up or Down - May 2, 6:30PM-6:35PM ET",Up,2026-05-02T22:30:55.440000+00:00,2026-05-03T22:57:04.749000+00:00,4,3,0,4.25823148813803,4.25823148813803,0.0,4.572250179726815,1.476923076923077,1.476923076923077,0.0,0,0,1,D:\rapidbaclupworking\frankfurt-session-2026-05-08\storage\bots\sol-signal-continuous\paper_trades.json,0.75,0.9313207547169811,WINNER,6
PAPER,sol-signal-continuous,SOL Micro Pump Catcher Paper,SOL,pump/up,"Solana Up or Down - May 7, 11:05AM-11:10AM ET",Up,2026-05-07T15:05:08.158000+00:00,2026-05-07T15:10:28.839000+00:00,3,2,1,3.876778370144707,3.906778370144707,-0.030000000000000027,3.9484450368113735,2.3384615384615386,2.3384615384615386,-0.030000000000000027,0,1,1,D:\rapidbaclupworking\frankfurt-session-2026-05-08\storage\bots\sol-signal-continuous\paper_trades.json,0.6666666666666666,0.9894473226097342,WINNER,7
PAPER,sol-signal-continuous,SOL Micro Pump Catcher Paper,SOL,pump/up,"Solana Up or Down - April 25, 12:45PM-12:50PM ET",Up,2026-04-25T16:47:54.415000+00:00,2026-04-25T16:49:44.828000+00:00,2,2,0,3.244444444444445,3.244444444444445,0.0,5.244444444444445,3.2222222222222223,2.2222222222222223,0.0,2,2,0,D:\rapidbaclupworking\frankfurt-session-2026-05-08\storage\bots\sol-signal-continuous\paper_trades.json,1.0,0.6186440677966102,WINNER,8
PAPER,sol-signal-continuous,SOL Micro Pump Catcher Paper,SOL,pump/up,"Solana Up or Down - April 25, 7:45AM-7:50AM ET",Up,2026-04-25T11:49:00.199000+00:00,2026-04-25T11:49:40.163000+00:00,2,2,0,2.8421052631578956,2.8421052631578956,0.0,4.842105263157896,3.421052631578948,2.421052631578948,0.0,2,2,0,D:\rapidbaclupworking\frankfurt-session-2026-05-08\storage\bots\sol-signal-continuous\paper_trades.json,1.0,0.5869565217391305,WINNER,9
PAPER,sol-signal-continuous,SOL Micro Pump Catcher Paper,SOL,pump/up,"Solana Up or Down - April 25, 8:30PM-8:35PM ET",Up,2026-04-26T00:33:05.176000+00:00,2026-04-26T00:34:40.040000+00:00,1,1,0,2.355555555555556,2.355555555555556,0.0,2.355555555555556,2.355555555555556,2.355555555555556,0.0,0,1,0,D:\rapidbaclupworking\frankfurt-session-2026-05-08\storage\bots\sol-signal-continuous\paper_trades.json,1.0,1.0,WINNER,10
PAPER,sol-signal-continuous,SOL Micro Pump Catcher Paper,SOL,pump/up,"Solana Up or Down - May 2, 7:05PM-7:10PM ET",Up,2026-05-02T23:07:06.696000+00:00,2026-05-03T22:57:04.749000+00:00,6,1,5,-7.968627450980392,0.03137254901960773,-8.0,0.06274509803921569,0.06274509803921569,0.03137254901960773,-1.6,0,0,4,D:\rapidbaclupworking\frankfurt-session-2026-05-08\storage\bots\sol-signal-continuous\paper_trades.json,0.16666666666666666,0.4999999999999982,LOSER,1
PAPER,sol-signal-continuous,SOL Micro Pump Catcher Paper,SOL,pump/up,"Solana Up or Down - May 2, 6:15PM-6:20PM ET",Up,2026-05-02T22:16:07.489000+00:00,2026-05-03T22:57:04.749000+00:00,6,0,6,-6.692571428571428,0.0,-6.692571428571428,0.0,0.0,0.0,-1.6,0,0,0,D:\rapidbaclupworking\frankfurt-session-2026-05-08\storage\bots\sol-signal-continuous\paper_trades.json,0.0,,LOSER,2
PAPER,sol-signal-continuous,SOL Micro Pump Catcher Paper,SOL,pump/up,"Solana Up or Down - May 2, 5:50PM-5:55PM ET",Up,2026-05-02T21:51:21.172000+00:00,2026-05-03T22:57:04.749000+00:00,4,0,4,-4.913131313131314,0.0,-4.913131313131314,0.03555555555555556,0.03555555555555556,0.0,-1.6,0,0,0,D:\rapidbaclupworking\frankfurt-session-2026-05-08\storage\bots\sol-signal-continuous\paper_trades.json,0.0,0.0,LOSER,3
PAPER,sol-signal-continuous,SOL Micro Pump Catcher Paper,SOL,pump/up,"Solana Up or Down - May 2, 6:25PM-6:30PM ET",Up,2026-05-02T22:21:49.095000+00:00,2026-05-02T22:22:37.442000+00:00,3,1,2,-3.1372549019607847,0.06274509803921569,-3.2,0.06274509803921569,0.06274509803921569,0.06274509803921569,-1.6,0,0,3,D:\rapidbaclupworking\frankfurt-session-2026-05-08\storage\bots\sol-signal-continuous\paper_trades.json,0.3333333333333333,1.0,LOSER,4
PAPER,sol-signal-continuous,SOL Micro Pump Catcher Paper,SOL,pump/up,"Solana Up or Down - May 7, 8:20AM-8:25AM ET",Up,2026-05-07T12:17:29.267000+00:00,2026-05-07T12:43:40.074000+00:00,20,0,4,-2.5991718426501036,0.0,-2.5991718426501036,1.6714285714285715,1.6,0.0,-1.6,0,1,3,D:\rapidbaclupworking\frankfurt-session-2026-05-08\storage\bots\sol-signal-continuous\paper_trades.json,0.0,0.0,LOSER,5
PAPER,sol-signal-continuous,SOL Micro Pump Catcher Paper,SOL,pump/up,"Solana Up or Down - May 7, 8:30AM-8:35AM ET",Up,2026-05-07T12:30:06.775000+00:00,2026-05-07T12:43:40.074000+00:00,17,0,5,-2.495271929635922,0.0,-2.495271929635922,2.2762187874237565,0.660869565217391,0.0,-1.6,0,0,4,D:\rapidbaclupworking\frankfurt-session-2026-05-08\storage\bots\sol-signal-continuous\paper_trades.json,0.0,0.0,LOSER,6
PAPER,sol-signal-continuous,SOL Micro Pump Catcher Paper,SOL,pump/up,"Solana Up or Down - April 25, 1:15AM-1:20AM ET",Up,2026-04-25T05:16:51.334000+00:00,2026-04-25T05:16:51.442000+00:00,1,0,1,-2.2222222222222214,0.0,-2.2222222222222214,0.0,0.0,0.0,-2.2222222222222214,0,0,1,D:\rapidbaclupworking\frankfurt-session-2026-05-08\storage\bots\sol-signal-continuous\paper_trades.json,0.0,,LOSER,7
PAPER,sol-signal-continuous,SOL Micro Pump Catcher Paper,SOL,pump/up,"Solana Up or Down - May 7, 8:15AM-8:20AM ET",Up,2026-05-07T12:11:13.229000+00:00,2026-05-07T12:43:40.074000+00:00,14,1,4,-2.0243376297887576,0.03333333333333337,-2.057670963122091,3.3215197333994317,1.6,0.03333333333333337,-1.6,0,1,3,D:\rapidbaclupworking\frankfurt-session-2026-05-08\storage\bots\sol-signal-continuous\paper_trades.json,0.07142857142857142,0.010035566851568317,LOSER,8
PAPER,sol-signal-continuous,SOL Micro Pump Catcher Paper,SOL,pump/up,"Solana Up or Down - May 7, 7:25AM-7:30AM ET",Up,2026-05-07T11:25:35.896000+00:00,2026-05-07T12:43:40.074000+00:00,21,1,4,-1.9276767676767679,0.4,-2.327676767676768,2.0092307692307694,1.2000000000000002,0.4,-1.5676767676767678,0,1,3,D:\rapidbaclupworking\frankfurt-session-2026-05-08\storage\bots\sol-signal-continuous\paper_trades.json,0.047619047619047616,0.1990811638591118,LOSER,9
PAPER,sol-signal-continuous,SOL Micro Pump Catcher Paper,SOL,pump/up,"Solana Up or Down - April 25, 11:45AM-11:50AM ET",Up,2026-04-25T15:48:24.949000+00:00,2026-04-25T15:48:50.119000+00:00,1,0,1,-1.8,0.0,-1.8,0.0,0.0,0.0,-1.8,0,0,1,D:\rapidbaclupworking\frankfurt-session-2026-05-08\storage\bots\sol-signal-continuous\paper_trades.json,0.0,,LOSER,10
PAPER,sol-signal-continuous-2,SOL Micro Dump Catcher Paper,SOL,dump/down,"Solana Up or Down - May 3, 12:05PM-12:10PM ET",Down,2026-05-03T15:45:45.622000+00:00,2026-05-03T22:57:06.777000+00:00,4,3,1,60.072979591836734,60.648979591836735,-0.576,61.236979591836736,59.4,59.4,-0.576,0,0,1,D:\rapidbaclupworking\frankfurt-session-2026-05-08\storage\bots\sol-signal-continuous-2\paper_trades.json,0.75,0.9903979588164015,WINNER,1
PAPER,sol-signal-continuous-2,SOL Micro Dump Catcher Paper,SOL,dump/down,"Solana Up or Down - May 4, 9:45AM-9:50AM ET",Down,2026-05-04T13:48:14.915000+00:00,2026-05-04T17:52:11.347000+00:00,5,3,2,29.983441558441555,30.23181818181818,-0.24837662337662336,30.320454545454545,14.85,14.85,-0.1392857142857143,0,0,2,D:\rapidbaclupworking\frankfurt-session-2026-05-08\storage\bots\sol-signal-continuous-2\paper_trades.json,0.6,0.9970766809084776,WINNER,2
PAPER,sol-signal-continuous-2,SOL Micro Dump Catcher Paper,SOL,dump/down,"Solana Up or Down - May 3, 3:40AM-3:45AM ET",Down,2026-05-03T07:44:24.620000+00:00,2026-05-03T22:57:06.777000+00:00,4,4,0,17.92132867132867,17.92132867132867,0.0,17.92132867132867,14.7,14.7,0.0,0,1,0,D:\rapidbaclupworking\frankfurt-session-2026-05-08\storage\bots\sol-signal-continuous-2\paper_trades.json,1.0,1.0,WINNER,3
PAPER,sol-signal-continuous-2,SOL Micro Dump Catcher Paper,SOL,dump/down,"Solana Up or Down - May 3, 11:55AM-12:00PM ET",Down,2026-05-03T15:51:14.710000+00:00,2026-05-03T22:57:06.777000+00:00,9,2,7,15.396808510638298,19.15,-3.753191489361702,20.81659574468085,19.0,19.0,-0.6,0,3,1,D:\rapidbaclupworking\frankfurt-session-2026-05-08\storage\bots\sol-signal-continuous-2\paper_trades.json,0.2222222222222222,0.9199390829738956,WINNER,4
PAPER,sol-signal-continuous-2,SOL Micro Dump Catcher Paper,SOL,dump/down,"Solana Up or Down - May 3, 4:30AM-4:35AM ET",Down,2026-05-03T08:34:53.600000+00:00,2026-05-03T08:35:30.171000+00:00,1,1,0,14.85,14.85,0.0,14.85,14.85,14.85,0.0,0,0,0,D:\rapidbaclupworking\frankfurt-session-2026-05-08\storage\bots\sol-signal-continuous-2\paper_trades.json,1.0,1.0,WINNER,5
PAPER,sol-signal-continuous-2,SOL Micro Dump Catcher Paper,SOL,dump/down,"Solana Up or Down - May 3, 6:25AM-6:30AM ET",Down,2026-05-03T10:29:55.863000+00:00,2026-05-03T10:31:25.138000+00:00,1,1,0,14.85,14.85,0.0,14.85,14.85,14.85,0.0,0,0,0,D:\rapidbaclupworking\frankfurt-session-2026-05-08\storage\bots\sol-signal-continuous-2\paper_trades.json,1.0,1.0,WINNER,6
PAPER,sol-signal-continuous-2,SOL Micro Dump Catcher Paper,SOL,dump/down,"Solana Up or Down - May 4, 8:45AM-8:50AM ET",Down,2026-05-04T12:50:03.907000+00:00,2026-05-04T12:50:48.131000+00:00,1,1,0,14.85,14.85,0.0,14.85,14.85,14.85,0.0,0,0,0,D:\rapidbaclupworking\frankfurt-session-2026-05-08\storage\bots\sol-signal-continuous-2\paper_trades.json,1.0,1.0,WINNER,7
PAPER,sol-signal-continuous-2,SOL Micro Dump Catcher Paper,SOL,dump/down,"Solana Up or Down - May 3, 7:30PM-7:35PM ET",Down,2026-05-03T23:11:39.340000+00:00,2026-05-04T07:07:11.656000+00:00,13,11,2,13.98455259026687,14.196483516483513,-0.2119309262166405,15.528728414442696,4.4,4.4,-0.13846153846153847,0,1,2,D:\rapidbaclupworking\frankfurt-session-2026-05-08\storage\bots\sol-signal-continuous-2\paper_trades.json,0.8461538461538461,0.9142077276127701,WINNER,8
PAPER,sol-signal-continuous-2,SOL Micro Dump Catcher Paper,SOL,dump/down,"Solana Up or Down - May 3, 11:50AM-11:55AM ET",Down,2026-05-03T15:52:40.006000+00:00,2026-05-03T22:57:06.777000+00:00,13,10,3,12.933859958811416,13.656454839658723,-0.722594880847308,13.656454839658723,2.733333333333334,2.733333333333334,-0.35533980582524277,0,1,3,D:\rapidbaclupworking\frankfurt-session-2026-05-08\storage\bots\sol-signal-continuous-2\paper_trades.json,0.7692307692307693,1.0,WINNER,9
PAPER,sol-signal-continuous-2,SOL Micro Dump Catcher Paper,SOL,dump/down,"Solana Up or Down - May 3, 1:20PM-1:25PM ET",Down,2026-05-03T17:24:17.624000+00:00,2026-05-03T22:57:06.777000+00:00,4,1,3,12.9,13.35,-0.44999999999999996,13.35,13.35,13.35,-0.15,0,1,0,D:\rapidbaclupworking\frankfurt-session-2026-05-08\storage\bots\sol-signal-continuous-2\paper_trades.json,0.25,1.0,WINNER,10
PAPER,sol-signal-continuous-2,SOL Micro Dump Catcher Paper,SOL,dump/down,"Solana Up or Down - May 4, 9:55AM-10:00AM ET",Down,2026-05-04T13:51:16.610000+00:00,2026-05-04T17:52:11.347000+00:00,24,0,24,-12.444350224225996,0.0,-12.444350224225996,1.7965203002470078,0.6521739130434779,0.0,-0.6,0,0,4,D:\rapidbaclupworking\frankfurt-session-2026-05-08\storage\bots\sol-signal-continuous-2\paper_trades.json,0.0,0.0,LOSER,1
PAPER,sol-signal-continuous-2,SOL Micro Dump Catcher Paper,SOL,dump/down,"Solana Up or Down - May 4, 9:05AM-9:10AM ET",Down,2026-05-04T12:50:53.341000+00:00,2026-05-04T17:52:11.347000+00:00,20,0,20,-10.274139634801287,0.0,-10.274139634801287,2.1024274973147157,0.8526315789473685,0.0,-0.6,0,0,5,D:\rapidbaclupworking\frankfurt-session-2026-05-08\storage\bots\sol-signal-continuous-2\paper_trades.json,0.0,0.0,LOSER,2
PAPER,sol-signal-continuous-2,SOL Micro Dump Catcher Paper,SOL,dump/down,"Solana Up or Down - May 4, 2:00PM-2:05PM ET",Down,2026-05-04T18:00:51.259000+00:00,2026-05-04T19:52:07.988000+00:00,15,0,15,-8.036551215917463,0.0,-8.036551215917463,0.6130434782608695,0.6,0.0,-0.6,0,0,2,D:\rapidbaclupworking\frankfurt-session-2026-05-08\storage\bots\sol-signal-continuous-2\paper_trades.json,0.0,0.0,LOSER,3
PAPER,sol-signal-continuous-2,SOL Micro Dump Catcher Paper,SOL,dump/down,"Solana Up or Down - May 3, 10:25AM-10:30AM ET",Down,2026-05-03T14:25:27.180000+00:00,2026-05-03T22:57:06.777000+00:00,14,1,13,-7.265948275862067,0.03750000000000009,-7.303448275862067,3.193965517241379,1.4689655172413794,0.03750000000000009,-0.6,0,1,1,D:\rapidbaclupworking\frankfurt-session-2026-05-08\storage\bots\sol-signal-continuous-2\paper_trades.json,0.07142857142857142,0.011740890688259138,LOSER,4
PAPER,sol-signal-continuous-2,SOL Micro Dump Catcher Paper,SOL,dump/down,"Solana Up or Down - May 3, 12:20PM-12:25PM ET",Down,2026-05-03T16:20:37.540000+00:00,2026-05-03T22:57:06.777000+00:00,16,1,15,-7.16143513609049,0.7304347826086955,-7.891869918699185,2.905779973980824,1.3565217391304345,0.7304347826086955,-0.6,0,2,3,D:\rapidbaclupworking\frankfurt-session-2026-05-08\storage\bots\sol-signal-continuous-2\paper_trades.json,0.0625,0.25137305272567617,LOSER,5
PAPER,sol-signal-continuous-2,SOL Micro Dump Catcher Paper,SOL,dump/down,"Solana Up or Down - April 25, 2:35AM-2:40AM ET",Down,2026-04-25T06:39:20.010000+00:00,2026-04-25T06:39:20.124000+00:00,1,0,1,-6.923076923076923,0.0,-6.923076923076923,0.0,0.0,0.0,-6.923076923076923,0,0,1,D:\rapidbaclupworking\frankfurt-session-2026-05-08\storage\bots\sol-signal-continuous-2\paper_trades.json,0.0,,LOSER,6
PAPER,sol-signal-continuous-2,SOL Micro Dump Catcher Paper,SOL,dump/down,"Solana Up or Down - May 3, 2:05PM-2:10PM ET",Down,2026-05-03T17:59:04.437000+00:00,2026-05-03T22:57:06.777000+00:00,11,0,11,-6.460340425531913,0.0,-6.460340425531913,1.3970230134607036,0.6382978723404257,0.0,-0.6,0,0,2,D:\rapidbaclupworking\frankfurt-session-2026-05-08\storage\bots\sol-signal-continuous-2\paper_trades.json,0.0,0.0,LOSER,7
PAPER,sol-signal-continuous-2,SOL Micro Dump Catcher Paper,SOL,dump/down,"Solana Up or Down - May 4, 9:25AM-9:30AM ET",Down,2026-05-04T13:28:08.807000+00:00,2026-05-04T17:52:11.347000+00:00,11,0,11,-6.052164502164501,0.0,-6.052164502164501,0.1071428571428572,0.1071428571428572,0.0,-0.6,0,0,2,D:\rapidbaclupworking\frankfurt-session-2026-05-08\storage\bots\sol-signal-continuous-2\paper_trades.json,0.0,0.0,LOSER,8
PAPER,sol-signal-continuous-2,SOL Micro Dump Catcher Paper,SOL,dump/down,"Solana Up or Down - May 3, 8:45AM-8:50AM ET",Down,2026-05-03T12:44:09.643000+00:00,2026-05-03T22:57:06.777000+00:00,10,0,10,-5.693622448979591,0.0,-5.693622448979591,0.32117346938775515,0.11249999999999993,0.0,-0.6,0,0,2,D:\rapidbaclupworking\frankfurt-session-2026-05-08\storage\bots\sol-signal-continuous-2\paper_trades.json,0.0,0.0,LOSER,9
PAPER,sol-signal-continuous-2,SOL Micro Dump Catcher Paper,SOL,dump/down,"Solana Up or Down - May 3, 2:35PM-2:40PM ET",Down,2026-05-03T18:32:06.309000+00:00,2026-05-03T22:57:06.777000+00:00,10,0,10,-5.635294117647058,0.0,-5.635294117647058,1.1647058823529413,0.6,0.0,-0.6,0,0,1,D:\rapidbaclupworking\frankfurt-session-2026-05-08\storage\bots\sol-signal-continuous-2\paper_trades.json,0.0,0.0,LOSER,10
